<?xml version="1.0" encoding="UTF-8"?>
<project-private xmlns="http://www.netbeans.org/ns/project-private/1">
    <editor-bookmarks xmlns="http://www.netbeans.org/ns/editor-bookmarks/2" lastBookmarkId="0"/>
    <open-files xmlns="http://www.netbeans.org/ns/projectui-open-files/2">
        <group>
            <file>file:/C:/Users/Alec/Desktop/Java/AwrnndFinalProject/src/awrnndfinalproject/FXMLDocumentController.java</file>
            <file>file:/C:/Users/Alec/Desktop/Java/AwrnndFinalProject/src/awrnndfinalproject/AwrnndFinalProject.java</file>
            <file>file:/C:/Users/Alec/Desktop/Java/AwrnndFinalProject/src/awrnndfinalproject/Page2.fxml</file>
            <file>file:/C:/Users/Alec/Desktop/Java/AwrnndFinalProject/src/awrnndfinalproject/Deck.java</file>
            <file>file:/C:/Users/Alec/Desktop/Java/AwrnndFinalProject/src/awrnndfinalproject/Switchable.java</file>
            <file>file:/C:/Users/Alec/Desktop/Java/AwrnndFinalProject/src/awrnndfinalproject/Page2Controller.java</file>
            <file>file:/C:/Users/Alec/Desktop/Java/AwrnndFinalProject/src/awrnndfinalproject/page2.css</file>
            <file>file:/C:/Users/Alec/Desktop/Java/AwrnndFinalProject/src/awrnndfinalproject/Score.java</file>
        </group>
    </open-files>
</project-private>
